date,x_close,y_close
2012-06-20,0.0,1.0
2012-06-21,0.0,0.9487223085992533
2012-06-22,0.0,0.9489209853072395
2012-06-25,-0.05127769140074663,0.9489495155055631
2012-06-26,-0.05107901469276054,0.9487614916823592
2012-06-27,-0.0510504844944369,0.949071711119214
2012-06-28,-0.05123850831764082,1.0
2012-06-29,-0.050928288880785995,1.0
2012-07-02,0.0,1.0
2012-07-03,0.0,0.9487674217631679
2012-07-04,0.0,0.9489833272764819
2012-07-05,-0.051232578236832166,0.9489306583685801
2012-07-06,-0.051016672723518036,0.949013039285627
2012-07-09,-0.05106934163141981,1.0
2012-07-10,-0.050986960714373024,0.9487563546742219
2012-07-11,0.0,0.949124330919681
2012-07-12,-0.05124364532577803,0.9491461228586765
2012-07-13,-0.05087566908031903,0.9487355742468334
2012-07-16,-0.05085387714132346,0.9490108509982924
2012-07-17,-0.05126442575316663,1.0
2012-07-18,-0.05098914900170757,1.0
2012-07-19,0.0,1.0
2012-07-20,0.0,1.0
2012-07-23,0.0,0.948834772372012
2012-07-24,0.0,0.9487740717363844
2012-07-25,-0.051165227627987996,0.9488486007737006
2012-07-26,-0.051225928263615605,0.9490799095727431
2012-07-27,-0.05115139922629941,0.949491955164223
2012-07-30,-0.05092009042725687,0.949284882843756
2012-07-31,-0.050508044835777026,0.949184664511962
2012-08-01,-0.05071511715624403,0.9492096014647331
2012-08-02,-0.05081533548803796,0.9493799952057871
2012-08-03,-0.050790398535266894,0.9805819141428984
2012-08-06,-0.050620004794212865,0.9801973727038202
2012-08-07,-0.019418085857101627,0.9808171650289048
2012-08-08,-0.019802627296179754,0.98044197493161
2012-08-09,-0.019182834971095217,0.98005189605303
2012-08-10,-0.019558025068389957,0.9807274225167434
2012-08-13,-0.01994810394697003,0.9803486789559874
2012-08-14,-0.019272577483256597,0.9799548362094841
2012-08-16,-0.019651321044012605,0.9806921362338598
2012-08-17,-0.020045163790515956,0.9803120800250038
2012-08-21,-0.01930786376614028,0.9799166679624799
2012-08-22,-0.019687919974996217,0.9807222210309318
2012-08-23,-0.02008333203752016,0.9803433656449562
2012-08-24,-0.019277778969068283,0.9799492218859391
2012-08-27,-0.01965663435504379,0.9808300838922799
2012-08-28,-0.02005077811406085,0.9804554039270297
2012-08-29,-0.01916991610772017,0.9800657850991827
2012-08-30,-0.019544596072970283,1.0
2012-08-31,-0.019934214900817253,0.9810292204963623
2012-09-03,0.0,0.9806623591608271
2012-09-04,-0.0189707795036377,0.9802811371844101
2012-09-05,-0.019337640839172835,0.979884357938782
2012-09-06,-0.019718862815589863,0.9615337430554498
2012-09-07,-0.020115642061217912,0.9801973266742917
2012-09-10,-0.038466256944550234,0.9813659084968084
2012-09-11,-0.01980267332570827,0.9810120753385447
2012-09-12,-0.01863409150319159,0.980644606273554
2012-09-13,-0.01898792466145522,0.9802625049836439
2012-09-14,-0.01935539372644596,0.9798650789175312
2012-09-17,-0.01973749501635611,0.981179967026924
2012-09-18,-0.020134921082468792,0.9808189013624294
2012-09-20,-0.018820032973075957,0.9804438483354626
2012-09-21,-0.01918109863757054,1.0
2012-09-24,-0.01955615166453738,0.9800536941738235
2012-09-25,0.0,0.981515184804507
2012-09-26,-0.019946305826176524,0.9811670511256932
2012-09-27,-0.018484815195493047,0.9808055521816609
2012-09-28,-0.018832948874306785,0.9804299032214898
2012-10-01,-0.01919444781833908,1.0195700967785102
2012-10-03,-0.01957009677851019,0.9824042827290328
2012-10-04,0.019570096778510244,0.9800790228082246
2012-10-05,-0.017595717270967207,0.9817253487716188
2012-10-08,-0.019920977191775432,1.0182746512283813
2012-10-09,-0.018274651228381268,0.9817253487716188
2012-10-10,0.018274651228381324,0.9813852390472821
2012-10-11,-0.018274651228381268,0.9810320654376802
2012-10-12,-0.018614760952717815,0.9806653151932183
2012-10-15,-0.018967934562319846,0.9802841868141
2012-10-16,-0.019334684806781643,0.9798875561116033
2012-10-17,-0.01971581318589996,0.9817762782656582
2012-10-18,-0.02011244388839668,0.9814380000073748
2012-10-19,-0.018223721734341815,0.9810869252432358
2012-10-22,-0.01856199999262515,0.9807222210309318
2012-10-23,-0.018913074756764132,0.9602925875308954
2012-10-25,-0.019277778969068283,1.0
2012-10-29,-0.03970741246910458,0.9821195550587634
2012-10-30,0.0,0.9817940151174998
2012-10-31,-0.01788044494123659,0.9814565031360474
2012-11-01,-0.01820598488250023,0.9811060306296786
2012-11-02,-0.018543496863952662,0.9807421626070446
2012-11-05,-0.01889396937032134,1.0192578373929553
2012-11-06,-0.019257837392955376,1.0188939693703214
2012-11-07,0.019257837392955328,1.0185434968639526
2012-11-08,0.018893969370321374,1.0182059848825002
2012-11-09,0.018543496863952666,1.0178804449412366
2012-11-12,0.018205984882500154,1.0175663426964925
2012-11-15,0.017880444941236577,1.0197050521007391
2012-11-16,0.017566342696492376,1.0193242545742627
2012-11-19,0.01970505210073924,1.018957896178
2012-11-20,0.019324254574262633,1.0186052588082883
2012-11-21,0.018957896177999964,1.0182653300798672
2012-11-22,0.01860525880828827,0.9817346699201328
2012-11-23,0.018265330079867182,1.0045976390929068
2012-11-26,-0.018265330079867158,0.9814809694042974
2012-11-27,0.004597639092906718,1.0185190305957026
2012-11-29,-0.018519030595702632,1.018182388447055
2012-11-30,0.018519030595702535,1.0044943210086656
2012-12-03,0.018182388447055203,1.0
2012-12-04,0.0044943210086657555,1.0177783138434828
2012-12-05,0.0,1.0196298059570452
2012-12-06,0.017778313843482885,0.9803701940429548
2012-12-07,0.01962980595704512,1.0196298059570452
2012-12-10,-0.019629805957045224,1.0192519641414668
2012-12-11,0.01962980595704512,1.0188882366331797
2012-12-12,0.01925196414146676,0.9811117633668203
2012-12-13,0.018888236633179716,1.0084388204256132
2012-12-14,-0.01888823663317975,1.0125263077040796
2012-12-17,0.008438820425613164,1.018499966838337
2012-12-18,0.012526307704079594,0.9815000331616629
2012-12-19,0.018499966838337097,0.9916665866511597
2012-12-20,-0.018499966838337115,0.9809920844506308
2012-12-21,-0.008333413348840277,1.0
2012-12-24,-0.01900791554936926,0.9806236885021304
2012-12-26,0.0,0.9802408161863021
2012-12-27,-0.01937631149786953,0.9798425936693289
2012-12-28,-0.019759183813697893,0.9817346699201328
2012-12-31,-0.02015740633067114,0.9813947411917118
2013-01-01,-0.018265330079867158,0.9834316458886786
2013-01-02,-0.018605258808288276,0.9807222210309318
2013-01-03,-0.01656835411132136,0.9501143435901025
2013-01-04,-0.019277778969068283,0.9528708782293455
2013-01-07,-0.04988565640989745,1.0445683399340178
2013-01-08,-0.04712912177065458,0.9844958532004638
2013-01-09,0.044568339934017674,0.9519906993865289
2013-01-10,-0.015504146799536139,0.9524386742131999
2013-01-11,-0.04800930061347105,1.0
2013-01-14,-0.04756132578680008,0.9560690727378117
2013-01-15,0.0,1.0148591137299299
2013-01-16,-0.04393092726218827,1.0461176370837895
2013-01-17,0.014859113729929877,0.9656126354473912
2013-01-18,0.04611763708378945,1.0483736065273486
2013-01-21,-0.03438736455260885,0.9516263934726512
2013-01-22,0.04837360652734867,1.0372002630674555
2013-01-23,-0.048373606527348775,1.0028051151602295
2013-01-24,0.037200263067455545,0.9858953941220212
2013-01-25,0.0028051151602294625,1.0141046058779786
2013-01-28,-0.014104605877978774,1.0027971619390503
2013-01-29,0.014104605877978644,0.9774001893939172
2013-01-30,0.0027971619390503573,0.9710124631267477
2013-01-31,-0.022599810606082807,1.0261263483136778
2013-02-01,-0.028987536873252298,0.9500630259727074
2013-02-04,0.026126348313677664,0.9506072337621467
2013-02-05,-0.049936974027292594,0.9513680517635497
2013-02-06,-0.04939276623785331,0.9488815467356664
2013-02-07,-0.04863194823645038,1.0
2013-02-08,-0.051118453264333605,1.0444517364745465
2013-02-11,0.0,1.0
2013-02-12,0.04445173647454649,1.0
2013-02-13,0.0,0.9520456196361492
2013-02-14,0.0,0.9496296546874241
2013-02-15,-0.04795438036385082,1.0
2013-02-18,-0.05037034531257592,0.9508407203942457
2013-02-19,0.0,1.0
2013-02-20,-0.049159279605754225,0.9724933989794606
2013-02-21,0.0,1.0467010488388786
2013-02-22,-0.027506601020539326,1.0
2013-02-25,0.046701048838878524,0.949306914693587
2013-02-26,0.0,0.9591780054797449
2013-02-27,-0.050693085306413005,1.0
2013-02-28,-0.040821994520255166,1.0487901944448066
2013-03-01,0.0,1.048790099293628
2013-03-04,0.048790194444806596,0.9496213016811579
2013-03-05,0.04879009929362807,0.9701470460392606
2013-03-06,-0.050378698318842126,0.9513326851238673
2013-03-07,-0.029852953960739413,1.0
2013-03-08,-0.04866731487613274,1.0
2013-03-11,0.0,1.0486673148761327
2013-03-12,0.0,1.0
2013-03-13,0.04866731487613272,1.0
2013-03-14,0.0,1.0
2013-03-15,0.0,0.9991806448583519
2013-03-18,0.0,1.0
2013-03-19,-0.0008193551416480515,1.0487902125604003
2013-03-20,0.0,1.0487529432012117
2013-03-21,0.0487902125604002,1.014760401817651
2013-03-22,0.04875294320121165,1.0486157428315408
2013-03-25,0.014760401817650993,1.048358079469317
2013-03-26,0.0486157428315407,1.0461270492863162
2013-03-28,0.048358079469316986,1.0465200156348928
2013-04-01,0.04612704928631618,1.047346076496651
2013-04-02,0.04652001563489291,0.9526539235033491
2013-04-03,0.04734607649665094,1.0
2013-04-04,-0.04734607649665095,1.0
2013-04-05,0.0,1.0
2013-04-08,0.0,1.0
2013-04-09,0.0,1.0
2013-04-10,0.0,1.0
2013-04-11,0.0,1.0
2013-04-12,0.0,0.9692283413332463
2013-04-15,0.0,1.0
2013-04-16,-0.03077165866675366,1.0
2013-04-17,0.0,0.9937303629945976
2013-04-18,0.0,1.0
2013-04-22,-0.006269637005402386,1.0
2013-04-23,0.0,1.0
2013-04-25,0.0,1.0
2013-04-26,0.0,1.0
2013-04-29,0.0,1.0
2013-04-30,0.0,1.0
2013-05-02,0.0,1.0
2013-05-03,0.0,1.0
2013-05-06,0.0,1.0
2013-05-07,0.0,1.0
2013-05-08,0.0,1.0
2013-05-09,0.0,1.0
2013-05-10,0.0,1.0
2013-05-13,0.0,1.0
2013-05-14,0.0,1.0
2013-05-15,0.0,1.0
2013-05-16,0.0,1.0
2013-05-17,0.0,1.0
2013-05-20,0.0,1.0
2013-05-21,0.0,1.0
2013-05-22,0.0,1.0
2013-05-23,0.0,1.0
2013-05-24,0.0,1.0
2013-05-27,0.0,1.0
2013-05-28,0.0,1.0
2013-05-29,0.0,1.0
2013-05-30,0.0,1.0
2013-05-31,0.0,1.0
2013-06-03,0.0,0.9516814215414791
2013-06-04,0.0,1.0
2013-06-05,-0.04831857845852097,1.0
2013-06-06,0.0,1.0
2013-06-07,0.0,1.0
2013-06-10,0.0,1.0
2013-06-11,0.0,1.0
2013-06-12,0.0,1.0
2013-06-13,0.0,1.0
2013-06-14,0.0,1.0
2013-06-17,0.0,1.0
2013-06-18,0.0,1.0
2013-06-19,0.0,1.0
2013-06-20,0.0,1.0
2013-06-21,0.0,1.0
2013-06-24,0.0,1.0
2013-06-25,0.0,1.048318578458521
2013-06-26,0.0,1.0
2013-06-27,0.048318578458520944,1.0
2013-06-28,0.0,1.0
2013-07-01,0.0,1.0
2013-07-02,0.0,1.0
2013-07-03,0.0,1.0
2013-07-04,0.0,1.0
2013-07-05,0.0,1.0
2013-07-08,0.0,1.0
2013-07-09,0.0,1.0
2013-07-10,0.0,1.0
2013-07-11,0.0,1.0
2013-07-12,0.0,1.0
2013-07-15,0.0,1.0
2013-07-16,0.0,1.0
2013-07-17,0.0,1.0
2013-07-18,0.0,1.0
2013-07-19,0.0,1.0
2013-07-22,0.0,1.0
2013-07-23,0.0,1.0
2013-07-24,0.0,0.9516814215414791
2013-07-25,0.0,0.9833606805735602
2013-07-26,-0.04831857845852097,1.0459097513592608
2013-07-29,-0.016639319426439838,0.9574403483698317
2013-07-30,0.04590975135926068,1.0
2013-07-31,-0.0425596516301683,1.0
2013-08-01,0.0,1.0
2013-08-02,0.0,1.0
2013-08-05,0.0,1.0
2013-08-06,0.0,0.9804113989715441
2013-08-07,0.0,0.9800200060770017
2013-08-08,-0.019588601028455974,1.0
2013-08-12,-0.019979993922998318,0.95225312678477
2013-08-13,0.0,1.0
2013-08-14,-0.04774687321522992,1.0
2013-08-16,0.0,1.0
2013-08-19,0.0,0.9513923294725746
2013-08-20,0.0,0.9505199342637616
2013-08-21,-0.04860767052742539,1.0
2013-08-22,-0.04948006573623837,1.0
2013-08-23,0.0,0.9487914649874282
2013-08-26,0.0,1.0
2013-08-27,-0.05120853501257181,0.9513792764668015
2013-08-28,0.0,0.9488940380041675
2013-08-29,-0.04862072353319846,1.0
2013-08-30,-0.05110596199583254,1.0
2013-09-02,0.0,1.0
2013-09-03,0.0,1.0484333783804503
2013-09-04,0.0,1.042782585014575
2013-09-05,0.04843337838045036,1.0
2013-09-06,0.04278258501457517,0.9491564530294017
2013-09-10,0.0,1.0
2013-09-11,-0.050843546970598306,1.0336017568382174
2013-09-12,0.0,0.9491642947401738
2013-09-13,0.033601756838217506,1.0482236243125294
2013-09-16,-0.05083570525982622,1.0484994822904143
2013-09-17,0.048223624312529315,0.9541125986568826
2013-09-18,0.04849948229041435,1.0
2013-09-19,-0.04588740134311737,1.0483759744564094
2013-09-20,0.0,0.9941836399623865
2013-09-23,0.04837597445640943,1.0487901944448066
2013-09-24,-0.005816360037613581,1.0
2013-09-25,0.048790194444806596,1.0
2013-09-26,0.0,1.0
2013-09-27,0.0,1.0
2013-09-30,0.0,1.0465199709099071
2013-10-01,0.0,1.0
2013-10-03,0.04651997090990701,1.0487901538482813
2013-10-04,0.0,1.0
2013-10-07,0.04879015384828129,1.0
2013-10-08,0.0,1.0
2013-10-09,0.0,1.0451416804355333
2013-10-10,0.0,1.0
2013-10-11,0.04514168043553334,1.0
2013-10-14,0.0,1.0
2013-10-15,0.0,0.949069596780986
2013-10-17,0.0,0.9794714392368691
2013-10-18,-0.05093040321901403,1.0484373736423935
2013-10-21,-0.020528560763130973,1.0
2013-10-22,0.04843737364239343,1.0
2013-10-23,0.0,1.0482186936891924
2013-10-24,0.0,1.0485659597576003
2013-10-25,0.04821869368919247,1.0475387301160208
2013-10-28,0.04856595975760031,1.0482954916699512
2013-10-29,0.0475387301160208,1.0482911409791833
2013-10-30,0.048295491669951174,0.9499610760700905
2013-10-31,0.048291140979183265,1.0
2013-11-01,-0.05003892392990945,0.952229769305928
2013-11-05,0.0,1.0
2013-11-06,-0.04777023069407201,1.0389854233814722
2013-11-07,0.0,1.0
2013-11-08,0.03898542338147222,1.0
2013-11-11,0.0,1.0
2013-11-12,0.0,1.0
2013-11-13,0.0,1.0
2013-11-14,0.0,1.0
2013-11-18,0.0,1.0
2013-11-19,0.0,0.9941002553006383
2013-11-20,0.0,1.0
2013-11-21,-0.00589974469936169,0.9515056963273345
2013-11-22,0.0,0.949033545180532
2013-11-25,-0.04849430367266552,0.9497381658617061
2013-11-26,-0.05096645481946806,0.9506942534498608
2013-11-27,-0.050261834138293854,1.0
2013-11-28,-0.04930574655013919,1.0
2013-11-29,0.0,0.948896654126059
2013-12-02,0.0,1.0
2013-12-03,-0.051103345873941074,1.0
2013-12-04,0.0,1.0
2013-12-05,0.0,1.0
2013-12-06,0.0,1.0
2013-12-09,0.0,1.0
2013-12-10,0.0,0.9877674431591901
2013-12-11,0.0,1.0
2013-12-12,-0.012232556840809877,1.0
2013-12-13,0.0,1.0
2013-12-16,0.0,1.0
2013-12-17,0.0,1.0
2013-12-18,0.0,0.9495160667910857
2013-12-19,0.0,1.0
2013-12-20,-0.050483933208914346,1.0481735946639188
2013-12-23,0.0,1.0
2013-12-24,0.04817359466391869,1.0
2013-12-26,0.0,1.0
2013-12-27,0.0,1.0
2013-12-30,0.0,1.0
2013-12-31,0.0,1.0
2014-01-01,0.0,1.009973240410391
2014-01-02,0.0,1.0
2014-01-03,0.009973240410391026,1.0
2014-01-06,0.0,0.949108348263715
2014-01-07,0.0,1.0040080367176083
2014-01-08,-0.05089165173628492,0.963336031457028
2014-01-09,0.004008036717608364,0.9489250375768983
2014-01-10,-0.03666396854297206,0.9489365386040816
2014-01-13,-0.05107496242310174,1.0484399589623317
2014-01-14,-0.05106346139591841,1.0487067390414337
2014-01-15,0.048439958962331615,1.0480352952575642
2014-01-16,0.048706739041433696,1.0289875282093925
2014-01-17,0.04803529525756428,0.9646328708912698
2014-01-20,0.02898752820939264,1.0
2014-01-21,-0.03536712910873019,1.0
2014-01-22,0.0,1.0
2014-01-23,0.0,1.0392207131532814
2014-01-24,0.0,1.0487901362229315
2014-01-27,0.03922071315328133,1.0253178359307904
2014-01-28,0.04879013622293151,1.0
2014-01-29,0.02531783593079036,1.045382979808928
2014-01-30,0.0,1.0
2014-01-31,0.04538297980892808,0.9496045002753363
2014-02-03,0.0,0.9978440029932574
2014-02-04,-0.050395499724663735,1.0
2014-02-05,-0.0021559970067425815,1.0
2014-02-06,0.0,1.0
2014-02-07,0.0,1.0
2014-02-10,0.0,1.0
2014-02-11,0.0,0.949085308729188
2014-02-12,0.0,0.9487465593538216
2014-02-13,-0.05091469127081208,0.9493355809145692
2014-02-14,-0.05125344064617847,0.9563099492182358
2014-02-17,-0.0506644190854308,0.9487989042363733
2014-02-18,-0.04369005078176422,0.9489492235838705
2014-02-19,-0.05120109576362676,1.048281906484711
2014-02-20,-0.051050776416129526,1.0
2014-02-21,0.048281906484711035,1.0
2014-02-24,0.0,1.0
2014-02-25,0.0,1.0
2014-02-26,0.0,1.0
2014-02-28,0.0,1.0
2014-03-03,0.0,1.0
2014-03-04,0.0,1.0
2014-03-05,0.0,1.0
2014-03-06,0.0,1.0
2014-03-07,0.0,0.9488039888379043
2014-03-10,0.0,0.9491162788572459
2014-03-11,-0.051196011162095684,0.9560598711907964
2014-03-12,-0.050883721142754114,0.9506748497768301
2014-03-13,-0.043940128809203644,0.9492979442509041
2014-03-14,-0.049325150223169835,0.9490799003189963
2014-03-18,-0.05070205574909589,0.9502765818585488
2014-03-19,-0.0509200996810037,0.9559046911194524
2014-03-20,-0.04972341814145125,0.9552997976310855
2014-03-21,-0.04409530888054762,1.0
2014-03-24,-0.0447002023689145,1.0
2014-03-25,0.0,0.9532078127954297
2014-03-26,0.0,0.9603001677349189
2014-03-27,-0.04679218720457038,1.0123840473159296
2014-03-28,-0.03969983226508111,1.0
2014-03-31,0.01238404731592958,0.9495160667910857
2014-04-01,0.0,1.0474022696149454
2014-04-02,-0.050483933208914346,1.0482021269236825
2014-04-03,0.047402269614945515,0.9487066834683096
2014-04-04,0.048202126923682455,1.0
2014-04-07,-0.05129331653169045,1.003091189608008
2014-04-09,0.0,1.0
2014-04-10,0.0030911896080078717,0.9525977303850545
2014-04-11,0.0,1.0
2014-04-15,-0.047402269614945584,1.0
2014-04-16,0.0,1.0
2014-04-17,0.0,1.0
2014-04-21,0.0,1.0474022696149454
2014-04-22,0.0,1.0
2014-04-23,0.047402269614945515,1.0030816635939688
2014-04-24,0.0,1.0
2014-04-25,0.003081663593968796,1.0
2014-04-28,0.0,1.048057320124069
2014-04-29,0.0,1.0260506520296528
2014-04-30,0.04805732012406906,1.0
2014-05-02,0.026050652029652933,1.0487901511942712
2014-05-05,0.0,1.0478178922733805
2014-05-06,0.048790151194271124,1.048110557408732
2014-05-07,0.04781789227338047,1.0482602234325678
2014-05-08,0.048110557408731894,1.0482852509929887
2014-05-09,0.04826022343256767,1.048202159742243
2014-05-12,0.048285250992988714,0.9506748497768301
2014-05-13,0.04820215974224305,0.9492979442509041
2014-05-14,-0.049325150223169835,1.0
2014-05-15,-0.05070205574909589,0.9748640222193593
2014-05-16,0.0,0.9503003192990099
2014-05-19,-0.025135977780640664,0.974192140659176
2014-05-20,-0.049699680700990095,1.0484788343999956
2014-05-21,-0.02580785934082401,1.0486123135101528
2014-05-22,0.04847883439999545,0.9723373227949346
2014-05-23,0.048612313510152834,1.0487901475548962
2014-05-26,-0.027662677205065475,1.048734891619533
2014-05-27,0.04879014755489613,1.0485794183193367
2014-05-28,0.04873489161953286,1.0483384869229004
2014-05-29,0.04857941831933656,1.0480248847321556
2014-05-30,0.048338486922900506,1.0485623384701914
2014-06-02,0.04802488473215561,1.0480519439903966
2014-06-03,0.048562338470191424,1.0483349435716773
2014-06-04,0.04805194399039651,1.0484747868856252
2014-06-05,0.04833494357167728,1.0469858967782324
2014-06-06,0.04847478688562516,1.0484676247398221
2014-06-09,0.04698589677823238,0.9492725074241656
2014-06-10,0.04846762473982204,1.0391916870201425
2014-06-11,-0.05072749257583443,1.0481338700584204
2014-06-12,0.03919168702014255,1.0485597298857925
2014-06-13,0.0481338700584203,1.0189115496071388
2014-06-16,0.04855972988579255,1.0109220540208157
2014-06-17,0.018911549607138728,1.0183607544262074
2014-06-18,0.010922054020815636,1.0137073966133223
2014-06-19,0.018360754426207507,1.0196084530537741
2014-06-20,0.013707396613322287,1.0192313442917462
2014-06-23,0.019608453053774177,0.9994046846214312
2014-06-24,0.019231344291746166,0.9952237622005313
2014-06-25,-0.0005953153785688472,0.9800537393715597
2014-06-26,-0.004776237799468678,1.0
2014-06-27,-0.019946260628440248,1.0
2014-06-30,0.0,1.0
2014-07-01,0.0,1.0
2014-07-02,0.0,1.0
2014-07-03,0.0,1.0
2014-07-04,0.0,1.0
2014-07-07,0.0,1.0
2014-07-08,0.0,1.0
2014-07-09,0.0,1.0
2014-07-10,0.0,1.0012202843801317
2014-07-11,0.0,1.0
2014-07-14,0.0012202843801317695,1.0
2014-07-15,0.0,1.0
2014-07-16,0.0,1.0
2014-07-17,0.0,1.0
2014-07-18,0.0,1.0
2014-07-21,0.0,0.9938837494368109
2014-07-22,0.0,1.006116250563189
2014-07-23,-0.006116250563189116,1.0
2014-07-24,0.006116250563189099,1.0
2014-07-25,0.0,1.0
2014-07-28,0.0,1.0
2014-07-30,0.0,1.0
2014-07-31,0.0,1.0
2014-08-01,0.0,1.0
2014-08-04,0.0,0.9499896271388754
2014-08-05,0.0,1.0
2014-08-06,-0.050010372861124655,1.0
2014-08-07,0.0,0.9507289522282267
2014-08-08,0.0,0.9517147061933496
2014-08-11,-0.0492710477717733,1.0
2014-08-12,-0.04828529380665039,1.0
2014-08-13,0.0,0.9492644947365623
2014-08-14,0.0,0.9504660939599155
2014-08-18,-0.050735505263437786,0.9519907502784727
2014-08-19,-0.049533906040084404,0.9495691948924343
2014-08-20,-0.04800924972152734,0.9514253142271957
2014-08-21,-0.050430805107565736,0.9489448119386424
2014-08-22,-0.04857468577280435,1.0465200156348928
2014-08-25,-0.051055188061357594,1.0
2014-08-26,0.04652001563489291,0.9487066873603092
2014-08-27,0.0,0.9509705718424885
2014-08-28,-0.05129331263969078,0.9641906062090514
2014-09-01,-0.04902942815751156,0.9895286603962756
2014-09-02,-0.03580939379094861,0.9569826568360585
2014-09-03,-0.010471339603724423,1.0
2014-09-04,-0.043017343163941464,0.9492848214006867
2014-09-05,0.0,0.9883720284135992
2014-09-08,-0.05071517859931334,1.0
2014-09-09,-0.011627971586400786,1.0
2014-09-10,0.0,1.0058309423595666
2014-09-11,0.0,1.0454623297198131
2014-09-12,0.005830942359566591,1.0487901439858485
2014-09-15,0.04546232971981316,1.0465199972861803
2014-09-16,0.04879014398584836,1.044451837960108
2014-09-17,0.04651999728618022,1.0471785585766122
2014-09-18,0.04445183796010798,1.0450526623921106
2014-09-19,0.04717855857661217,1.047320590524125
2014-09-22,0.045052662392110615,1.0451822395294432
2014-09-23,0.04732059052412491,1.0470675407937537
2014-09-24,0.04518223952944328,1.0486076705274254
2014-09-25,0.04706754079375371,1.0463541498770599
2014-09-26,0.04860767052742547,1.0476280350794116
2014-09-29,0.046354149877059804,1.0486319482364503
2014-09-30,0.04762803507941164,1.0188093435794408
2014-10-01,0.048631948236450284,1.0184620158856144
2014-10-07,0.018809343579440835,1.0181274535379021
2014-10-08,0.018462015885614344,1.0178045789485104
2014-10-09,0.018127453537902183,1.0174931133469698
2014-10-10,0.01780457894851043,1.0171924663153362
2014-10-13,0.017493113346969735,1.0
2014-10-14,0.01719246631533624,1.0196912337193555
2014-10-15,0.0,1.0193108607188162
2014-10-16,0.01969123371935554,1.0189451074789897
2014-10-17,0.019310860718816138,1.018592853530757
2014-10-20,0.018945107478989705,1.0182534600235478
2014-10-21,0.01859285353075694,1.035536676510746
2014-10-22,0.018253460023547833,1.0197538040956282
2014-10-27,0.035536676510746004,1.0193710467443575
2014-10-28,0.019753804095628293,1.0190029288297053
2014-10-29,0.01937104674435756,1.018648541458224
2014-10-30,0.019002928829705303,1.0183071304637759
2014-10-31,0.018648541458224085,1.017978080879777
2014-11-03,0.01830713046377583,0.982021919120223
2014-11-05,0.017978080879776964,0.9816928695362243
2014-11-07,-0.017978080879777068,0.9813514585417759
2014-11-10,-0.01830713046377574,1.0
2014-11-11,-0.018648541458224102,1.0
2014-11-12,0.0,1.0
2014-11-13,0.0,1.0
2014-11-14,0.0,0.9809970711702946
2014-11-17,0.0,1.0
2014-11-18,-0.019002928829705428,1.0
2014-11-19,0.0,1.0
2014-11-20,0.0,0.9806289532556424
2014-11-21,0.0,1.0
2014-11-24,-0.01937104674435767,1.0
2014-11-25,0.0,1.0
2014-11-26,0.0,1.0
2014-11-27,0.0,1.0
2014-11-28,0.0,0.9802461959043717
2014-12-01,0.0,0.979848203201318
2014-12-02,-0.019753804095628335,1.0
2014-12-03,-0.02015179679868199,1.0
2014-12-04,0.0,1.0
2014-12-05,0.0,1.0
2014-12-08,0.0,1.0
2014-12-09,0.0,1.0
2014-12-10,0.0,0.9504462457573889
2014-12-11,0.0,1.0
2014-12-12,-0.0495537542426111,1.0
2014-12-15,0.0,0.9506748497768301
2014-12-16,0.0,0.951069464401364
2014-12-17,-0.049325150223169835,0.9516521472106134
2014-12-18,-0.04893053559863606,0.949195472836405
2014-12-19,-0.048347852789386615,0.9499060559577001
2014-12-22,-0.05080452716359493,0.9508672578504266
2014-12-23,-0.05009394404229993,0.9521087397394508
2014-12-24,-0.04913274214957342,1.0478912602605492
2014-12-26,-0.047891260260549275,0.9521087397394508
2014-12-29,0.04789126026054927,1.0
2014-12-30,-0.047891260260549275,1.0037664971364442
2014-12-31,0.0,0.9771853078928614
2015-01-01,0.00376649713644414,1.0487901362229315
2015-01-02,-0.02281469210713858,0.9512098637770685
2015-01-05,0.04879013622293151,1.0487901362229315
2015-01-06,-0.048790136222931504,1.0217400009101563
2015-01-07,0.04879013622293151,1.0
2015-01-08,0.021740000910156158,1.0
2015-01-09,0.0,1.0
2015-01-12,0.0,1.0
2015-01-13,0.0,0.9492725074241656
2015-01-14,0.0,1.0485746583683706
2015-01-15,-0.05072749257583443,0.9491602831392746
2015-01-16,0.04857465836837055,1.0
2015-01-19,-0.05083971686072545,0.9488260547976158
2015-01-20,0.0,0.9535936514639496
2015-01-21,-0.05117394520238418,0.9669601163505026
2015-01-22,-0.04640634853605044,1.0429902050603455
2015-01-23,-0.033039883649497365,0.9561481597987913
2015-01-27,0.04299020506034549,1.0487901563395936
2015-01-28,-0.04385184020120868,1.0480861407178823
2015-01-29,0.04879015633959365,1.0481192578598069
2015-01-30,0.04808614071788223,1.0
2015-02-02,0.04811925785980697,1.0
2015-02-03,0.0,1.0
2015-02-04,0.0,1.0
2015-02-05,0.0,1.0074294829988455
2015-02-06,0.0,1.0
2015-02-09,0.007429482998845383,0.9491351412318392
2015-02-10,0.0,1.0
2015-02-11,-0.050864858768160874,1.0486417613798238
2015-02-12,0.0,1.0306817411673495
2015-02-13,0.04864176137982386,1.0422598367337483
2015-02-16,0.03068174116734954,1.0484617205516105
2015-02-18,0.042259836733748266,0.9487758493905826
2015-02-19,0.0484617205516105,1.0027624300578069
2015-02-20,-0.05122415060941742,0.949069596780986
2015-02-23,0.0027624300578069465,0.9493940131194172
2015-02-24,-0.05093040321901403,0.9531163849813236
2015-02-25,-0.05060598688058286,0.9797972926824805
2015-02-26,-0.04688361501867649,0.9793807127972642
2015-02-27,-0.020202707317519466,0.9530830635541814
2015-03-02,-0.020619287202735703,0.9689554293427483
2015-03-03,-0.04691693644581857,0.9539088944208011
2015-03-04,-0.031044570657251754,0.9712898766478069
2015-03-05,-0.04609110557919898,1.0483277567150344
2015-03-09,-0.028710123352193095,0.9516722432849657
2015-03-10,0.04832775671503434,1.0483277567150344
2015-03-11,-0.04832775671503432,1.0487461070685065
2015-03-12,0.04832775671503434,0.9732126676877566
2015-03-13,0.048746107068506524,1.0485746857728042
2015-03-16,-0.026787332312243416,1.0
2015-03-17,0.048574685772804306,1.0
2015-03-18,0.0,1.0487901563395936
2015-03-19,0.0,1.0480861407178823
2015-03-20,0.04879015633959365,1.0481192578598069
2015-03-23,0.04808614071788223,0.9487459462634873
2015-03-24,0.04811925785980697,1.0430174173902655
2015-03-25,-0.051254053736512734,1.0
2015-03-26,0.04301741739026546,0.9491023663116461
2015-03-27,0.0,0.9800233074703948
2015-03-30,-0.05089763368835383,1.000806718496587
2015-03-31,-0.019976692529605197,1.0487902300916196
2015-04-01,0.0008067184965868683,0.9495956045615432
2015-04-06,0.048790230091619695,1.0480975365621932
2015-04-07,-0.05040439543845673,1.0
2015-04-08,0.04809753656219317,0.9494762808995635
2015-04-09,0.0,0.9712505558257776
2015-04-10,-0.050523719100436515,0.9495835007128121
2015-04-13,-0.02874944417422239,1.0
2015-04-15,-0.050416499287187964,1.048748403975833
2015-04-16,0.0,1.0
2015-04-17,0.04874840397583313,1.0480744438474052
2015-04-20,0.0,0.9569214383882709
2015-04-21,0.04807444384740527,1.0
2015-04-22,-0.04307856161172902,0.9891439338431413
2015-04-23,0.0,1.0483502737527925
2015-04-24,-0.01085606615685877,1.0484091304850567
2015-04-27,0.048350273752792466,1.0483545711908
2015-04-28,0.048409130485056656,1.0482020553746845
2015-04-29,0.04835457119080009,1.0486253970309092
2015-04-30,0.048202055374684444,1.047628034369299
2015-05-04,0.048625397030909116,1.048460932348701
2015-05-05,0.047628034369299015,1.0295006630686458
2015-05-06,0.04846093234870102,0.9493184924983925
2015-05-07,0.029500663068645794,0.972091164559635
2015-05-08,-0.05068150750160747,0.9490376683287102
2015-05-11,-0.027908835440365026,1.0
2015-05-12,-0.05096233167128986,0.949089786148719
2015-05-13,0.0,0.9492929539726603
2015-05-14,-0.05091021385128103,0.9488995252320727
2015-05-15,-0.05070704602733969,0.9945882628797884
2015-05-18,-0.05110047476792729,0.9499300142340428
2015-05-19,-0.005411737120211539,0.9490068718055341
2015-05-20,-0.05006998576595725,1.0485450905487772
2015-05-21,-0.050993128194465845,0.9514549094512227
2015-05-22,0.048545090548777294,1.0485450905487772
2015-05-25,-0.04854509054877727,0.9523121944513943
2015-05-26,0.048545090548777294,1.0485044841546582
2015-05-27,-0.047687805548605695,1.0485957551217888
2015-05-28,0.04850448415465827,1.0485679933318592
2015-05-29,0.04859575512178872,1.0484373736423935
2015-06-01,0.04856799333185916,0.9493379511594601
2015-06-02,0.04843737364239343,0.9652532998709387
2015-06-03,-0.05066204884053991,0.9511714132335403
2015-06-04,-0.03474670012906136,1.0480596341108206
2015-06-05,-0.04882858676645969,1.0377403279828472
2015-06-08,0.04805963411082054,0.9699225738825481
2015-06-09,0.03774032798284711,1.0381925321106706
2015-06-10,-0.03007742611745186,0.9502909819793831
2015-06-11,0.038192532110670585,1.0467656779407881
2015-06-12,-0.04970901802061686,1.03547246486946
2015-06-15,0.046765677940788196,0.9820590815789555
2015-06-16,0.035472464869460076,1.0207818266325235
2015-06-17,-0.017940918421044505,1.0279738249878159
2015-06-18,0.02078182663252349,0.9563003138971526
2015-06-19,0.02797382498781593,1.0436996861028476
2015-06-22,-0.043699686102847406,1.0
2015-06-23,0.04369968610284749,1.0
2015-06-24,0.0,1.0048159498350953
2015-06-25,0.0,0.9493206609146638
2015-06-26,0.0048159498350952784,1.0
2015-06-29,-0.0506793390853362,0.9617318682908529
2015-06-30,0.0,0.9562981673869512
2015-07-01,-0.03826813170914714,1.0481928894892247
2015-07-02,-0.04370183261304885,1.0481142240118735
2015-07-03,0.04819288948922483,1.0452250714543396
2015-07-06,0.048114224011873416,1.0458704893494293
2015-07-07,0.04522507145433967,1.04510132552523
2015-07-08,0.045870489349429326,0.949033545180532
2015-07-09,0.045101325525230024,0.9490506286170644
2015-07-10,-0.05096645481946806,0.9492133267755548
2015-07-13,-0.0509493713829357,1.0487212864128321
2015-07-14,-0.05078667322444519,1.0484290541801895
2015-07-15,0.04872128641283213,0.9980282784535228
2015-07-16,0.048429054180189536,1.0450236699304947
2015-07-17,-0.001971721546477153,1.0
2015-07-20,0.045023669930494566,1.03643503745709
2015-07-21,0.0,1.0
2015-07-22,0.036435037457090015,1.0450580207859
2015-07-23,0.0,1.0486521621204132
2015-07-24,0.04505802078589989,1.0485008629426316
2015-07-27,0.04865216212041325,1.0254492970292877
2015-07-28,0.048500862942631534,0.9740245135967394
2015-07-29,0.02544929702928776,1.0412429200017528
2015-07-30,-0.025975486403260677,0.9508310349629472
2015-07-31,0.041242920001752705,1.0466405572159905
2015-08-03,-0.04916896503705281,1.0100756902313202
2015-08-04,0.04664055721599058,0.9512097975879896
2015-08-05,0.010075690231320052,1.0
2015-08-06,-0.048790202412010396,1.0
2015-08-07,0.0,0.9487066633443348
2015-08-10,0.0,0.9488525088580406
2015-08-11,-0.05129333665566516,1.0455920060690618
2015-08-12,-0.051147491141959364,0.9514883283789073
2015-08-13,0.04559200606906175,0.9582028257530183
2015-08-14,-0.04851167162109266,0.9499896271388754
2015-08-17,-0.04179717424698171,1.0
2015-08-18,-0.050010372861124655,0.9574403483698317
2015-08-19,0.0,0.9694373623480184
2015-08-20,-0.0425596516301683,0.9505199565579971
2015-08-21,-0.030562637651981663,0.9517531236301425
2015-08-24,-0.04948004344200282,0.9885276278468682
2015-08-25,-0.04824687636985752,1.0
2015-08-26,-0.01147237215313174,1.0
2015-08-27,0.0,1.0
2015-08-28,0.0,1.0
2015-08-31,0.0,0.9487067365006859
2015-09-01,0.0,0.9712505558257776
2015-09-02,-0.05129326349931406,0.9530830635541814
2015-09-03,-0.02874944417422239,1.0485822538483793
2015-09-04,-0.04691693644581857,0.9557750681786434
2015-09-07,0.04858225384837927,0.9645981073157255
2015-09-08,-0.04422493182135657,1.0440599883127097
2015-09-09,-0.03540189268427447,1.0
2015-09-10,0.044059988312709845,1.0
2015-09-11,0.0,1.030562620714392
2015-09-14,0.0,1.0033388980759683
2015-09-15,0.03056262071439213,1.0487901944448066
2015-09-16,0.0033388980759683543,1.048790099293628
2015-09-18,0.048790194444806596,0.9824624139351017
2015-09-21,0.04879009929362807,1.0487901362229315
2015-09-22,-0.01753758606489831,1.0486157428315408
2015-09-23,0.04879013622293151,1.048358079469317
2015-09-24,0.0486157428315407,1.0486635098663304
2015-09-28,0.048358079469316986,1.0482169871694476
2015-09-29,0.048663509866330314,1.0459987153584918
2015-09-30,0.048216987169447605,1.0478291076229034
2015-10-01,0.045998715358491774,1.048266719022322
2015-10-05,0.04782910762290334,1.0485407606759134
2015-10-06,0.04826671902232211,1.048671408183501
2015-10-07,0.04854076067591338,1.0486771019005454
2015-10-08,0.04867140818350085,1.0179376834255938
2015-10-09,0.048677101900545375,1.0198026605397283
2015-10-12,0.017937683425593834,1.019418036311428
2015-10-13,0.01980266053972827,1.0190482272673573
2015-10-14,0.019418036311428043,1.0186920856209292
2015-10-15,0.019048227267357398,1.0183491700648821
2015-10-16,0.01869208562092908,1.018018535778053
2015-10-19,0.018349170064882174,1.0196469967947814
2015-10-20,0.018018535778052937,1.0192684182993434
2015-10-21,0.019646996794781515,1.0113852931052993
2015-10-23,0.01926841829934348,1.0
2015-10-26,0.011385293105299402,1.0
2015-10-27,0.0,1.0
2015-10-28,0.0,1.0
2015-10-29,0.0,1.0
2015-10-30,0.0,0.9809518050293056
2015-11-02,0.0,1.0190481949706944
2015-11-03,-0.019048194970694474,0.9809518050293056
2015-11-04,0.01904819497069441,1.0190481949706944
2015-11-05,-0.019048194970694474,0.9809518050293056
2015-11-06,0.01904819497069441,0.9805819141428984
2015-11-09,-0.019048194970694474,1.0
2015-11-10,-0.019418085857101627,0.9901477035569884
2015-11-13,0.0,0.9799993332933304
2015-11-16,-0.009852296443011594,0.9898476285359821
2015-11-17,-0.020000666706669543,0.9835387387745473
2015-11-18,-0.010152371464017962,0.9958419740227169
2015-11-19,-0.016461261225452623,0.9831928978475902
2015-11-20,-0.004158025977283118,0.9850584038378295
2015-11-23,-0.016807102152409787,1.0191699482992578
2015-11-24,-0.014941596162170546,0.9829782474948491
2015-11-26,0.019169948299257725,1.0191292026531782
2015-11-27,-0.017021752505150936,1.0187701342084134
2015-11-30,0.019129202653178183,0.9812298657915864
2015-12-01,0.018770134208413523,1.0187701342084134
2015-12-02,-0.01877013420841353,1.0483964943169337
2015-12-03,0.018770134208413523,1.0423955739861788
2015-12-04,0.04839649431693378,1.0
2015-12-07,0.04239557398617887,1.0
2015-12-08,0.0,1.0
2015-12-09,0.0,1.0
2015-12-10,0.0,1.0
2015-12-11,0.0,1.0
2015-12-14,0.0,1.0
2015-12-15,0.0,1.0
2015-12-16,0.0,1.0
2015-12-17,0.0,1.0
2015-12-18,0.0,1.0
2015-12-21,0.0,1.0
2015-12-22,0.0,1.0
2015-12-23,0.0,1.0
2015-12-24,0.0,1.0
2015-12-28,0.0,1.0
2015-12-29,0.0,1.0
2015-12-30,0.0,1.0
2015-12-31,0.0,1.0478912602605495
2016-01-01,0.0,1.0474189064573354
2016-01-04,0.047891260260549476,1.0485451217146047
2016-01-05,0.04741890645733536,1.0384662443696582
2016-01-06,0.04854512171460475,1.0
2016-01-07,0.038466244369658176,1.040066970489631
2016-01-08,0.0,1.0
2016-01-11,0.040066970489630975,1.0
2016-01-12,0.0,1.0
2016-01-13,0.0,1.0
2016-01-14,0.0,1.0
2016-01-15,0.0,0.9488657711212999
2016-01-18,0.0,1.0
2016-01-19,-0.0511342288787001,1.0
2016-01-20,0.0,1.0465922766977203
2016-01-21,0.0,1.0045419521809797
2016-01-22,0.046592276697720286,1.0
2016-01-25,0.0045419521809798085,1.0
2016-01-27,0.0,1.0
2016-01-28,0.0,1.0
2016-01-29,0.0,1.0
2016-02-01,0.0,0.9488657711212999
2016-02-02,0.0,1.048108554061225
2016-02-03,-0.0511342288787001,1.0
2016-02-04,0.04810855406122503,0.9487067177805429
2016-02-05,0.0,0.9593109051812199
2016-02-08,-0.0512932822194571,1.0454623614033445
2016-02-09,-0.040689094818780136,0.9495418042036419
2016-02-10,0.04546236140334448,1.0
2016-02-11,-0.05045819579635812,0.9503747372393756
2016-02-12,0.0,0.9496296546874241
2016-02-15,-0.049625262760624435,1.0
2016-02-16,-0.05037034531257592,1.0
2016-02-17,0.0,0.9489008851477162
2016-02-18,0.0,1.0
2016-02-19,-0.051099114852283814,0.9502384904409362
2016-02-22,0.0,1.0
2016-02-23,-0.049761509559063825,1.0
2016-02-24,0.0,1.0
2016-02-25,0.0,1.0
2016-02-26,0.0,1.0
2016-02-29,0.0,0.9497802102767906
2016-03-01,0.0,1.0481769192974761
2016-03-02,-0.050219789723209396,1.0479133096197164
2016-03-03,0.04817691929747609,1.0475827156820983
2016-03-04,0.04791330961971629,1.0471957325718955
2016-03-08,0.047582715682098216,1.0450682583471163
2016-03-09,0.047195732571895396,1.0117945892723925
2016-03-10,0.04506825834711615,1.0474332205528785
2016-03-11,0.011794589272392412,1.017419320824199
2016-03-14,0.04743322055287846,0.9501102933405595
2016-03-15,0.017419320824199024,0.9492276733151435
2016-03-16,-0.04988970665944047,1.0
2016-03-17,-0.050772326684856595,1.0408220210112085
2016-03-18,0.0,1.048790164169432
2016-03-21,0.04082202101120849,0.951209835830568
2016-03-22,0.04879016416943204,1.048790164169432
2016-03-23,-0.048790164169432056,0.9904305734370366
2016-03-28,0.04879016416943204,1.0206192747266198
2016-03-29,-0.009569426562963484,1.0
2016-03-30,0.020619274726619934,0.9664772712135232
2016-03-31,0.0,1.0048583585725468
2016-04-01,-0.03352272878647676,1.0473274428800157
2016-04-04,0.004858358572546768,1.015290817441646
2016-04-05,0.0473274428800157,1.0030302591103186
2016-04-06,0.015290817441645952,1.0
2016-04-07,0.00303025911031855,1.0
2016-04-08,0.0,0.96144472258103
2016-04-11,0.0,0.9857480134526988
2016-04-12,-0.038555277418969996,1.0236417033537772
2016-04-13,-0.014251986547301166,0.9488707010125655
2016-04-18,0.02364170335377726,0.9851359519788504
2016-04-20,-0.051129298987434416,1.0487109292130896
2016-04-21,-0.014864048021149618,1.0479596714786494
2016-04-22,0.048710929213089546,0.9488657711212999
2016-04-25,0.04795967147864953,0.985588197079891
2016-04-26,-0.0511342288787001,1.0
2016-04-27,-0.014411802920108997,1.0
2016-04-28,0.0,1.0487901407304319
2016-04-29,0.0,1.0167558910683774
2016-05-02,0.04879014073043182,1.0
2016-05-03,0.01675589106837729,1.0
2016-05-04,0.0,1.0
2016-05-05,0.0,1.0
2016-05-06,0.0,1.0
2016-05-09,0.0,0.9662026665157712
2016-05-10,0.0,0.9487066930641032
2016-05-11,-0.033797333484228725,1.0418741090868955
2016-05-12,-0.05129330693589688,0.9498682055700737
2016-05-13,0.04187410908689559,1.0
2016-05-16,-0.05013179442992633,0.9950124711413566
2016-05-17,0.0,0.9983319683730739
2016-05-18,-0.004987528858643404,1.0
2016-05-19,-0.0016680316269260436,0.9848609133105448
2016-05-20,0.0,1.0101181045635894
2016-05-23,-0.015139086689455203,1.0
2016-05-24,0.01011810456358937,1.0
2016-05-25,0.0,1.0
2016-05-26,0.0,1.0
2016-05-27,0.0,1.0
2016-05-30,0.0,1.006689013752792
2016-05-31,0.0,1.0
2016-06-01,0.006689013752791986,1.0
2016-06-02,0.0,1.0
2016-06-03,0.0,1.0
2016-06-06,0.0,1.0
2016-06-07,0.0,1.0
2016-06-08,0.0,1.0
2016-06-09,0.0,1.0
2016-06-10,0.0,0.9797972797073197
2016-06-13,0.0,0.9494225655282141
2016-06-14,-0.020202720292680294,0.9504940032309314
2016-06-15,-0.05057743447178589,0.949893135449144
2016-06-16,-0.04950599676906864,0.949330599250951
2016-06-17,-0.050106864550855994,1.0103413541211015
2016-06-20,-0.050669400749049034,1.0
2016-06-21,0.010341354121101475,0.9493563150917717
2016-06-22,0.0,1.0485839833419033
2016-06-23,-0.05064368490822829,1.0
2016-06-24,0.04858398334190331,0.9557356941740927
2016-06-27,0.0,1.0339015187903606
2016-06-28,-0.044264305825907346,1.0
2016-06-29,0.03390151879036072,1.0487901944448066
2016-06-30,0.0,1.0484121623561475
2016-07-01,0.048790194444806596,1.0425595993955716
2016-07-04,0.04841216235614748,1.0
2016-07-05,0.04255959939557172,1.0
2016-07-07,0.0,1.0373376433014527
2016-07-08,0.0,1.0393549380634397
2016-07-11,0.03733764330145266,1.0
2016-07-12,0.039354938063439725,1.0
2016-07-13,0.0,1.0033500997290923
2016-07-14,0.0,1.0
2016-07-15,0.0033500997290923373,0.9502897197507361
2016-07-18,0.0,0.9495387896985127
2016-07-19,-0.04971028024926389,0.948804044499829
2016-07-20,-0.050461210301487314,0.9501392255374145
2016-07-21,-0.05119595550017097,0.9496748849084173
2016-07-22,-0.04986077446258556,1.0482779846317856
2016-07-25,-0.05032511509158268,1.0480092497215272
2016-07-26,0.04827798463178553,1.0
2016-07-27,0.04800924972152714,0.9519907502784729
2016-07-28,0.0,1.0480092497215272
2016-07-29,-0.048009249721527106,1.007782095969597
2016-08-01,0.04800924972152714,1.0
2016-08-02,0.0077820959695967945,1.0454624036480544
2016-08-03,0.0,0.9487066907403352
2016-08-04,0.045462403648054324,0.9500395599204866
2016-08-05,-0.05129330925966476,0.949569194892434
2016-08-08,-0.04996044007951341,1.0318160441548483
2016-08-09,-0.05043080510756608,1.0348752666948156
2016-08-10,0.03181604415484838,1.0
2016-08-11,0.034875266694815485,1.0
2016-08-12,0.0,1.0
2016-08-16,0.0,1.0
2016-08-17,0.0,1.0
2016-08-18,0.0,1.027834829757132
2016-08-19,0.0,1.0019588346246888
2016-08-22,0.027834829757132005,0.9498390321607479
2016-08-23,0.0019588346246887964,0.9493563150917717
2016-08-24,-0.05016096783925204,0.9489345402376526
2016-08-25,-0.05064368490822829,0.9509819664393837
2016-08-26,-0.05106545976234743,0.9659335014578131
2016-08-29,-0.049018033560616264,0.9595904042294561
2016-08-30,-0.03406649854218695,0.9497913654323729
2016-08-31,-0.04040959577054397,0.9556713499280226
2016-09-01,-0.050208634567627086,0.9741736664100614
2016-09-02,-0.044328650071977393,0.9493184924983925
2016-09-06,-0.02582633358993853,0.9530430180339348
2016-09-07,-0.05068150750160747,0.9607792623935314
2016-09-08,-0.04695698196606526,0.9487067056124494
2016-09-09,-0.03922073760646856,1.047954380363851
2016-09-12,-0.05129329438755058,1.0
2016-09-14,0.047954380363850864,1.0
2016-09-15,0.0,1.045759605532589
2016-09-16,0.0,1.0468104189587037
2016-09-19,0.04575960553258907,1.0359320324864127
2016-09-20,0.04681041895870385,1.0487901855402848
2016-09-21,0.03593203248641274,1.0027971619390503
2016-09-22,0.048790185540284844,0.9774001893939172
2016-09-23,0.0027971619390503573,1.0474287143596515
2016-09-26,-0.022599810606082807,1.0478814654446733
2016-09-27,0.047428714359651555,1.048171581442645
2016-09-28,0.047881465444673275,1.024451094951863
2016-09-29,0.04817158144264504,0.9680953785724333
2016-09-30,0.02445109495186299,1.0462933220226887
2016-10-03,-0.0319046214275667,0.9537066779773115
2016-10-04,0.046293322022688585,1.0462933220226887
2016-10-05,-0.046293322022688585,1.0
2016-10-06,0.046293322022688585,1.0
2016-10-07,0.0,1.0
2016-10-10,0.0,1.0
2016-10-13,0.0,1.0
2016-10-14,0.0,0.951209835830568
2016-10-17,0.0,1.048790164169432
2016-10-18,-0.048790164169432056,1.0
2016-10-19,0.04879016416943204,1.0
2016-10-20,0.0,1.0465200156348928
2016-10-21,0.0,0.9629587643073603
2016-10-24,0.04652001563489291,0.9492030517955156
2016-10-25,-0.03704123569263968,0.9594881697287967
2016-10-26,-0.050796948204484424,0.949658204692901
2016-10-27,-0.04051183027120334,0.9668477705533822
2016-10-28,-0.050341795307099035,1.0
2016-11-01,-0.03315222944661781,1.046647711199412
2016-11-02,0.0,1.0471291217706546
2016-11-03,0.04664771119941191,1.0474496387380243
2016-11-04,0.04712912177065454,1.0
2016-11-07,0.047449638738024415,1.0
2016-11-08,0.0,0.9499895794253386
2016-11-09,0.0,1.0451204165809729
2016-11-10,-0.05001042057466142,1.0024480376456886
2016-11-11,0.04512041658097291,0.9498641894937706
2016-11-15,0.0024480376456885895,0.9974259371157609
2016-11-16,-0.050135810506229436,1.0
2016-11-17,-0.0025740628842391023,1.0
2016-11-18,0.0,1.0
2016-11-21,0.0,1.0478078842281506
2016-11-22,0.0,1.0
2016-11-23,0.047807884228150584,1.0456261062625802
2016-11-24,0.0,1.0481193012309493
2016-11-25,0.04562610626258015,1.0480441892994448
2016-11-28,0.04811930123094926,1.0
2016-11-29,0.04804418929944472,1.016913705901869
2016-11-30,0.0,1.0450896194473747
2016-12-01,0.016913705901868987,1.0218045993881177
2016-12-02,0.04508961944737463,0.9781954006118821
2016-12-05,0.021804599388117775,0.9507086777043876
2016-12-06,-0.021804599388117817,0.9503673926767815
2016-12-07,-0.04929132229561245,0.9524258579891016
2016-12-08,-0.04963260732321853,0.9500491049978292
2016-12-09,-0.047574142010898414,0.9499895794253386
2016-12-12,-0.04995089500217077,0.9527471356585793
2016-12-13,-0.05001042057466142,0.950403081455426
2016-12-14,-0.04725286434142068,0.9742474607936623
2016-12-15,-0.04959691854457404,0.9494691680924345
2016-12-16,-0.025752539206337677,0.9499896271388754
2016-12-19,-0.05053083190756544,0.9607792623935314
2016-12-20,-0.050010372861124655,0.9487067056124494
2016-12-21,-0.03922073760646856,0.982300422900599
2016-12-22,-0.05129329438755058,1.0
2016-12-23,-0.017699577099400975,1.0
2016-12-26,0.0,1.0176995770994008
2016-12-27,0.0,1.0173917427118693
2016-12-28,0.017699577099400857,1.0
2016-12-29,0.01739174271186924,1.0
2016-12-30,0.0,1.0198026247169387
2017-01-02,0.0,1.0194180833770623
2017-01-03,0.019802624716938767,1.01969861399786
2017-01-04,0.019418083377062235,1.019318062866613
2017-01-05,0.01969861399786005,1.019577478146799
2017-01-06,0.01931806286661289,1.0192015484748125
2017-01-09,0.01957747814679908,1.0194417789160781
2017-01-10,0.01920154847481245,1.0196610389149434
2017-01-11,0.01944177891607804,1.0169643731217028
2017-01-12,0.01966103891494331,1.0092379323375973
2017-01-13,0.01696437312170284,1.0
2017-01-16,0.00923793233759718,1.0
2017-01-17,0.0,1.0
2017-01-18,0.0,1.0
2017-01-19,0.0,1.0
2017-01-20,0.0,1.0
2017-01-23,0.0,1.0
2017-01-24,0.0,1.0
2017-01-25,0.0,1.0
2017-01-27,0.0,1.0
2017-01-30,0.0,1.0
2017-01-31,0.0,1.0
2017-02-01,0.0,1.0
2017-02-02,0.0,1.0
2017-02-03,0.0,0.9826083015198495
2017-02-06,0.0,0.9823003551793645
2017-02-07,-0.017391698480150583,1.0
2017-02-08,-0.0176996448206355,1.0
2017-02-09,0.0,1.0
2017-02-10,0.0,1.0
2017-02-13,0.0,1.0
2017-02-14,0.0,1.0176996448206357
2017-02-15,0.0,1.0173916984801505
2017-02-16,0.017699644820635588,1.017094498386771
2017-02-17,0.01739169848015064,1.0195809598270689
2017-02-20,0.01709449838677094,1.0192050013721141
2017-02-21,0.019580959827068756,1.016172920776552
2017-02-22,0.01920500137211411,1.007989369471699
2017-02-23,0.016172920776551965,0.9812577979531388
2017-02-27,0.007989369471699032,0.9808998076089647
2017-02-28,-0.018742202046861167,0.9861301518423073
2017-03-01,-0.01910019239103533,0.9802532149039892
2017-03-02,-0.013869848157692653,1.0
2017-03-03,-0.019746785096010848,1.019746785096011
2017-03-06,0.0,1.0193643884929493
2017-03-07,0.019746785096010827,1.0189965211997798
2017-03-08,0.019364388492949365,0.9864679940608396
2017-03-09,0.018996521199779848,0.9917920407133789
2017-03-10,-0.01353200593916041,1.0190481119221328
2017-03-14,-0.008207959286621101,1.0160431862065087
2017-03-15,0.019048111922132793,0.9812577979531388
2017-03-16,0.016043186206508603,1.0
2017-03-17,-0.018742202046861167,1.0
2017-03-20,0.0,0.9808998076089647
2017-03-21,0.0,0.9805278747430277
2017-03-22,-0.01910019239103533,1.0194721252569723
2017-03-23,-0.019472125256972284,0.9805278747430277
2017-03-24,0.01947212525697225,0.9801412779336223
2017-03-27,-0.019472125256972284,1.0
2017-03-28,-0.01985872206637771,1.0
2017-03-29,0.0,1.0
2017-03-30,0.0,1.0
2017-03-31,0.0,1.0
2017-04-03,0.0,0.9826584589989221
2017-04-05,0.0,0.9823525280687074
2017-04-06,-0.017341541001077918,1.0463850823287664
2017-04-07,-0.017647471931292544,0.9654143972160529
2017-04-10,0.046385082328766404,1.0486505325532083
2017-04-11,-0.03458560278394711,1.0463930608808685
2017-04-12,0.048650532553208385,1.0468835664856326
2017-04-13,0.04639306088086855,1.0472137754114306
2017-04-17,0.04688356648563263,1.0474022380372716
2017-04-18,0.04721377541143061,1.0474665027363579
2017-04-19,0.04740223803727163,1.0474226953935377
2017-04-20,0.0474665027363578,1.0472852576699423
2017-04-21,0.04742269539353779,1.0470675407937537
2017-04-24,0.04728525766994229,1.0486076705274254
2017-04-25,0.04706754079375371,1.048094767771588
2017-04-26,0.04860767052742547,1.0475471432774393
2017-04-27,0.04809476777158789,1.0485532260166304
2017-04-28,0.04754714327743928,0.9888799366336157
2017-05-02,0.048553226016630396,0.9575793084911104
2017-05-03,-0.011120063366384252,1.048790164169432
2017-05-04,-0.04242069150888962,1.0450037382713881
2017-05-05,0.04879016416943204,0.9502229951440474
2017-05-08,0.0450037382713882,0.9492940886623403
2017-05-09,-0.04977700485595257,1.047511008273047
2017-05-10,-0.05070591133765962,1.0
2017-05-11,0.04751100827304705,0.94912769531444
2017-05-12,0.0,0.9898475898726246
2017-05-15,-0.050872304685559984,1.0
2017-05-16,-0.010152410127375468,0.9494225655282141
2017-05-17,0.0,0.9504940032309314
2017-05-18,-0.05057743447178589,1.0477154450259492
2017-05-19,-0.04950599676906864,1.0
2017-05-22,0.04771544502594921,0.9504030437974285
2017-05-23,0.0,0.9497964367693705
2017-05-24,-0.049596956202571485,1.0098522964430117
2017-05-25,-0.050203563230629474,0.9497381652191117
2017-05-26,0.00985229644301164,0.9812689312376569
2017-05-29,-0.05026183478088831,0.9636324211289534
2017-05-30,-0.018731068762343126,0.9531686496536433
2017-05-31,-0.03636757887104655,1.0
2017-06-01,-0.04683135034635666,1.044650274498381
2017-06-02,0.0,1.0469169364458186
2017-06-05,0.04465027449838107,1.04680405103002
2017-06-06,0.04691693644581855,1.0389912945452136
2017-06-07,0.04680405103002011,1.0245526831257414
2017-06-08,0.03899129454521363,1.0438026511262832
2017-06-09,0.02455268312574136,0.9487067199534167
2017-06-12,0.04380265112628316,1.0149256358757086
2017-06-13,-0.051293280046583324,0.9506541555832044
2017-06-14,0.014925635875708533,0.988258137418464
2017-06-15,-0.04934584441679555,0.949535205296736
2017-06-16,-0.011741862581535947,0.993769466045212
2017-06-19,-0.050464794703263996,1.0307716586667537
2017-06-20,-0.00623053395478802,0.9503002990511473
2017-06-21,0.030771658666753687,1.0476774864563214
2017-06-22,-0.049699700948852635,1.0474396794547634
2017-06-23,0.04767748645632132,1.0378833184498315
2017-06-27,0.04743967945476326,0.9659702655947194
2017-06-28,0.03788331844983156,0.9527470843857665
2017-06-29,-0.03402973440528054,1.027834829757132
2017-06-30,-0.04725291561423351,1.0194180858571016
2017-07-03,0.027834829757132005,0.9746822070638256
2017-07-04,0.019418085857101516,1.0233928939269537
2017-07-05,-0.02531779293617444,1.0378116866521858
2017-07-06,0.023392893926953637,1.0364339012332418
2017-07-07,0.037811686652185886,1.0420376728123721
2017-07-10,0.036433901233241854,0.9489775410261715
2017-07-11,0.042037672812372036,0.9519315549664266
2017-07-12,-0.05102245897382846,0.9514938856753062
2017-07-13,-0.04806844503357339,1.0157794054111036
2017-07-14,-0.04850611432469378,0.9641395982241845
2017-07-17,0.015779405411103453,1.0140989398549471
2017-07-18,-0.0358604017758155,1.048790164169432
2017-07-19,0.01409893985494711,1.0
2017-07-20,0.04879016416943204,0.951209835830568
2017-07-21,0.0,0.9529084084606873
2017-07-24,-0.048790164169432056,1.0
2017-07-25,-0.047091591539312715,1.0470915915393129
2017-07-26,0.0,0.9508097237529484
2017-07-27,0.04709159153931277,1.0
2017-07-28,-0.04919027624705161,0.9658086673080005
2017-07-31,0.0,1.0
2017-08-01,-0.03419133269199946,1.0
2017-08-02,0.0,1.0
2017-08-03,0.0,1.0
2017-08-04,0.0,0.9555482374291662
2017-08-07,0.0,1.0
2017-08-08,-0.04445176257083381,1.0
2017-08-09,0.0,0.9487066873603092
2017-08-10,0.0,0.9509705718424885
2017-08-11,-0.05129331263969078,1.0466342539796067
2017-08-14,-0.04902942815751156,1.0
2017-08-16,0.04663425397960685,1.0
2017-08-17,0.0,1.0468469724594474
2017-08-18,0.0,1.0469359549019595
2017-08-21,0.04684697245944726,1.0086957401394616
2017-08-22,0.04693595490195937,1.0
2017-08-23,0.008695740139461627,1.0382211963063568
2017-08-24,0.0,1.004158025977283
2017-08-28,0.03822119630635674,1.0
2017-08-29,0.004158025977283073,1.0485925092525359
2017-08-30,0.0,1.0482253533742336
2017-08-31,0.04859250925253597,0.9829056099923479
2017-09-01,0.04822535337423361,0.9489082934629025
2017-09-04,-0.017094390007652158,1.0
2017-09-05,-0.051091706537097534,0.9504031057882874
2017-09-06,0.0,0.9522685810148386
2017-09-07,-0.04959689421171268,0.9498755949917431
2017-09-08,-0.047731418985161436,0.9496900264319273
2017-09-11,-0.05012440500825691,0.9496115085559435
2017-09-12,-0.050309973568072604,1.0
2017-09-13,-0.05038849144405658,1.0
2017-09-14,0.0,0.9843746223334057
2017-09-15,0.0,1.002621293501427
2017-09-18,-0.015625377666594376,1.0485407606759134
2017-09-19,0.0026212935014268634,1.048671408183501
2017-09-20,0.04854076067591338,1.0486771019005454
2017-09-21,0.04867140818350085,1.0485746857728042
2017-09-22,0.048677101900545375,0.9956803224840041
2017-09-25,0.048574685772804306,1.0485839833419033
2017-09-26,-0.004319677515995982,1.0
2017-09-27,0.04858398334190331,1.0364412639944736
2017-09-28,0.0,1.0
2017-09-29,0.03644126399447348,1.0447110287966481
2017-10-03,0.0,1.0188329488743069
2017-10-04,0.04471102879664818,1.0
2017-10-05,0.01883294887430688,1.0
2017-10-06,0.0,0.9735334698954254
2017-10-09,0.0,0.9569404959238547
2017-10-10,-0.02646653010457461,1.0
2017-10-11,-0.04305950407614533,0.9508097237529484
2017-10-12,0.0,1.0
2017-10-13,-0.04919027624705161,1.0
2017-10-16,0.0,1.0471883041551135
2017-10-17,0.0,1.0
2017-10-18,0.04718830415511353,0.9694788119128012
2017-10-19,0.0,1.0
2017-10-23,-0.030521188087198878,1.0020639526944284
2017-10-24,0.0,1.0482991555910135
2017-10-25,0.0020639526944283546,0.9700875015476621
2017-10-26,0.04829915559101356,1.0
2017-10-27,-0.029912498452337868,0.9795493901668959
2017-10-30,0.0,1.0
2017-10-31,-0.02045060983310406,1.0444517008887009
2017-11-01,0.0,0.9555482991112991
2017-11-02,0.044451700888700915,0.9513130716542678
2017-11-03,-0.044451700888700894,1.0486869283457323
2017-11-06,-0.04868692834573218,0.949141551240086
2017-11-07,0.04868692834573222,0.9509924034745963
2017-11-08,-0.05085844875991401,1.0468313503463567
2017-11-09,-0.049007596525403645,1.046816995078613
2017-11-10,0.04683135034635667,1.0
2017-11-13,0.046816995078613095,1.0
2017-11-14,0.0,1.0486911908926533
2017-11-15,0.0,0.9900496691468319
2017-11-16,0.04869119089265326,1.0392207131532814
2017-11-17,-0.009950330853168092,1.0340297344052807
2017-11-20,0.03922071315328133,1.0
2017-11-21,0.034029734405280634,0.9659702655947194
2017-11-22,0.0,1.0209331809305162
2017-11-23,-0.03402973440528054,1.038786067592473
2017-11-24,0.02093318093051623,1.0408219806988883
2017-11-27,0.03878606759247293,1.0
2017-11-28,0.040821980698888226,0.9965156626025644
2017-11-29,0.0,1.0207261438319417
2017-11-30,-0.0034843373974356223,1.0483831057667334
2017-12-01,0.020726143831941664,1.0177566967378116
2017-12-04,0.04838310576673348,1.0422928653841488
2017-12-05,0.017756696737811564,1.0331856184309092
2017-12-06,0.04229286538414875,0.9637422293382233
2017-12-07,0.03318561843090928,0.9495160822227093
2017-12-08,-0.03625777066177671,0.950238489811074
2017-12-11,-0.05048391777729066,1.048142101347229
2017-12-12,-0.049761510188926064,1.0350354419860086
2017-12-13,0.04814210134722901,1.001563698097014
2017-12-14,0.03503544198600858,0.9487066930641032
2017-12-15,0.0015636980970139814,1.0
2017-12-18,-0.05129330693589688,1.0163135756945716
2017-12-19,0.0,1.0
2017-12-20,0.01631357569457154,1.0318498262740992
2017-12-21,0.0,1.0
2017-12-22,0.03184982627409909,0.9567586628116357
2017-12-26,0.0,0.9530902390659254
2017-12-27,-0.04324133718836428,0.9489775410261715
2017-12-28,-0.04690976093407461,0.9613566955615596
2017-12-29,-0.05102245897382846,0.9962405826542059
2018-01-01,-0.03864330443844048,1.0478032611185921
2018-01-02,-0.0037594173457941252,0.9763840212806055
2018-01-03,0.04780326111859202,0.9963167406108333
2018-01-04,-0.023615978719394512,1.0
2018-01-05,-0.0036832593891667465,1.0
2018-01-08,0.0,1.0
2018-01-09,0.0,1.0468553897730988
2018-01-10,0.0,0.9982379118943558
2018-01-11,0.04685538977309867,0.9695589610430422
2018-01-12,-0.0017620881056442078,1.0018165032334956
2018-01-15,-0.03044103895695777,0.9497569319808559
2018-01-16,0.0018165032334955483,0.9571084214488582
2018-01-17,-0.05024306801914411,1.0486004281286656
2018-01-18,-0.042891578551141805,1.0262186876233037
2018-01-19,0.0486004281286655,0.9981498889166246
2018-01-22,0.026218687623303708,1.0487901776251545
2018-01-23,-0.0018501110833754582,1.0482020883621554
2018-01-24,0.04879017762515442,1.047588987276985
2018-01-25,0.048202088362155365,1.0484848428126372
2018-01-29,0.047588987276985066,1.0476990121655851
2018-01-30,0.04848484281263717,1.0187460872425675
2018-01-31,0.04769901216558518,1.048790164169432
2018-02-01,0.018746087242567624,1.047817854559586
2018-02-02,0.04879016416943204,1.0481105821473657
2018-02-05,0.047817854559585996,1.0482602683642197
2018-02-06,0.04811058214736576,1.0426577290989631
2018-02-07,0.0482602683642197,1.0484676527643304
2018-02-08,0.04265772909896325,1.0191699482992578
2018-02-09,0.048467652764330404,1.0188092839701108
2018-02-12,0.019169948299257725,1.0184620941424827
2018-02-14,0.01880928397011079,0.9805021887798332
2018-02-15,0.018462094142482774,0.9801144515830941
2018-02-16,-0.01949781122016682,0.9807892127494412
2018-02-19,-0.01988554841690597,0.9804128338393746
2018-02-20,-0.019210787250558817,0.9800214988565815
2018-02-21,-0.01958716616062543,1.0
2018-02-22,-0.019978501143418505,0.9807577879901372
2018-02-23,0.0,1.0
2018-02-26,-0.019242212009862803,1.0
2018-02-27,0.0,0.9411594999770665
2018-02-28,0.0,1.0
2018-03-01,-0.058840500022933465,0.965471254164971
2018-03-05,0.0,0.9987445261753978
2018-03-06,-0.03452874583502897,0.9809759636271339
2018-03-07,-0.0012554738246021995,1.0
2018-03-08,-0.019024036372866062,0.9608305011439894
2018-03-09,0.0,1.019776518374328
2018-03-12,-0.03916949885601066,1.0
2018-03-13,0.019776518374327822,1.0
2018-03-14,0.0,1.0
2018-03-15,0.0,1.0
2018-03-16,0.0,0.9802234816256721
2018-03-19,0.0,0.9959973873272046
2018-03-20,-0.01977651837432789,1.0
2018-03-21,-0.004002612672795405,0.9824674804394591
2018-03-22,0.0,1.0
2018-03-23,-0.017532519560540933,1.0
2018-03-26,0.0,1.0
2018-03-27,0.0,1.0
2018-03-28,0.0,1.0
2018-04-02,0.0,1.0
2018-04-03,0.0,1.0188685046765977
2018-04-04,0.0,1.0
2018-04-05,0.018868504676597626,1.0
2018-04-06,0.0,1.0
2018-04-09,0.0,1.0
2018-04-10,0.0,1.0
2018-04-11,0.0,1.0
2018-04-12,0.0,1.0
2018-04-13,0.0,1.0
2018-04-16,0.0,1.0
2018-04-17,0.0,1.0
2018-04-18,0.0,1.0
2018-04-19,0.0,1.0
2018-04-20,0.0,1.0
2018-04-23,0.0,1.0
2018-04-24,0.0,1.0
2018-04-25,0.0,1.0
2018-04-26,0.0,1.0
2018-04-27,0.0,1.0
2018-04-30,0.0,1.0
2018-05-02,0.0,1.0
2018-05-03,0.0,1.0
2018-05-04,0.0,1.0
2018-05-07,0.0,1.0
2018-05-08,0.0,1.0
2018-05-09,0.0,1.0
2018-05-10,0.0,1.0
2018-05-11,0.0,1.0
2018-05-14,0.0,1.0
2018-05-15,0.0,1.0
2018-05-16,0.0,1.0
2018-05-17,0.0,1.0
2018-05-18,0.0,1.0
2018-05-21,0.0,1.0
2018-05-22,0.0,1.0
2018-05-23,0.0,1.0
2018-05-24,0.0,1.0
2018-05-25,0.0,1.0
2018-05-28,0.0,1.0
2018-05-29,0.0,1.0
2018-05-30,0.0,1.0
2018-05-31,0.0,1.0
2018-06-01,0.0,1.0
2018-06-04,0.0,1.0
2018-06-05,0.0,1.0
2018-06-06,0.0,1.0
2018-06-07,0.0,1.0
2018-06-08,0.0,1.0
2018-06-11,0.0,1.0
2018-06-12,0.0,1.0
2018-06-13,0.0,1.0
2018-06-14,0.0,1.0
2018-06-15,0.0,1.0
2018-06-18,0.0,1.0
2018-06-19,0.0,0.9493388646607734
2018-06-20,0.0,1.0
2018-06-21,-0.050661135339226504,1.0
2018-06-22,0.0,1.0
2018-06-25,0.0,1.0
2018-06-26,0.0,1.0
2018-06-27,0.0,1.0
2018-06-28,0.0,1.0
2018-06-29,0.0,1.0
2018-07-02,0.0,0.9495933592844026
2018-07-03,0.0,1.0
2018-07-04,-0.05040664071559742,1.0
2018-07-05,0.0,1.0
2018-07-06,0.0,1.0
2018-07-09,0.0,1.0
2018-07-10,0.0,1.0
2018-07-11,0.0,1.0
2018-07-12,0.0,1.0
2018-07-13,0.0,1.0
2018-07-16,0.0,1.0
2018-07-17,0.0,1.0
2018-07-18,0.0,0.9500275219635146
2018-07-19,0.0,1.0
2018-07-20,-0.049972478036485427,1.0
2018-07-23,0.0,1.0
2018-07-24,0.0,1.0
2018-07-25,0.0,1.0
2018-07-26,0.0,1.0
2018-07-27,0.0,0.9490335451805321
2018-07-30,0.0,1.0
2018-07-31,-0.05096645481946794,1.0
2018-08-01,0.0,1.0
2018-08-02,0.0,1.0
2018-08-03,0.0,1.0
2018-08-06,0.0,1.0
2018-08-07,0.0,0.9497381658617061
2018-08-08,0.0,1.0
2018-08-09,-0.050261834138293854,1.0
2018-08-10,0.0,1.0
2018-08-13,0.0,1.0
2018-08-14,0.0,1.0304591943757833
2018-08-16,0.0,1.0230652977824437
2018-08-17,0.030459194375783174,0.993464004168767
2018-08-20,0.023065297782443598,1.0
2018-08-21,-0.0065359958312330374,1.0
2018-08-23,0.0,1.0480092191863606
2018-08-24,0.0,1.0
2018-08-27,0.04800921918636066,0.9650202687586745
2018-08-28,0.0,0.950238489811074
2018-08-29,-0.03497973124132544,0.9494225655282141
2018-08-30,-0.049761510188926064,0.9504940032309314
2018-08-31,-0.05057743447178589,0.949893135449144
2018-09-03,-0.04950599676906864,1.0482253533742336
2018-09-04,-0.050106864550855994,0.9497964367693705
2018-09-05,0.04822535337423361,0.9492276746265768
2018-09-06,-0.050203563230629474,0.9487066721501924
2018-09-07,-0.05077232537342326,0.9665520647942877
2018-09-10,-0.05129332784980761,0.9583273201634674
2018-09-11,-0.03344793520571229,1.016413047677724
2018-09-12,-0.04167267983653261,1.0476820969818348
2018-09-14,0.016413047677724016,1.00221489104198
2018-09-17,0.047682096981834746,1.0475251571751911
2018-09-18,0.0022148910419798815,1.0
2018-09-19,0.0475251571751912,1.0
2018-09-21,0.0,0.9502599517828288
2018-09-24,0.0,0.9499896488268464
2018-09-25,-0.04974004821717116,1.0
2018-09-26,-0.05001035117315358,1.0
2018-09-27,0.0,1.0477906282680762
2018-09-28,0.0,1.0
2018-10-01,0.047790628268076236,1.0
2018-10-03,0.0,1.0
2018-10-04,0.0,0.9498755949917431
2018-10-05,0.0,0.9496900264319273
2018-10-08,-0.05012440500825691,0.9496115085559435
2018-10-09,-0.050309973568072604,0.949658204692901
2018-10-10,-0.05038849144405658,0.9780211140132754
2018-10-11,-0.050341795307099035,0.9487067279206204
2018-10-12,-0.021978885986724647,1.0485116716210927
2018-10-15,-0.051293272079379615,1.0
2018-10-16,0.048511671621092725,1.0
2018-10-17,0.0,1.0
2018-10-19,0.0,1.002781600458287
2018-10-22,0.0,0.9574403855812041
2018-10-23,0.0027816004582869895,1.0
2018-10-24,-0.04255961441879589,1.0
2018-10-25,0.0,1.0
2018-10-26,0.0,1.0
2018-10-29,0.0,1.0
2018-10-30,0.0,1.0
2018-10-31,0.0,0.9494691680924345
2018-11-01,0.0,1.0
2018-11-02,-0.05053083190756544,0.9815379841143855
2018-11-05,0.0,0.9937694265555923
2018-11-06,-0.01846201588561447,1.0
2018-11-07,-0.0062305734444076475,1.0
2018-11-09,0.0,1.0
2018-11-12,0.0,1.0487901187563682
2018-11-13,0.0,1.0
2018-11-14,0.04879011875636829,1.0
2018-11-15,0.0,0.9512098812436317
2018-11-16,0.0,1.0
2018-11-19,-0.04879011875636827,1.0
2018-11-20,0.0,1.0
2018-11-21,0.0,1.0
2018-11-22,0.0,1.0
2018-11-26,0.0,1.0
2018-11-27,0.0,1.0062305734444077
2018-11-28,0.0,1.0
2018-11-29,0.006230573444407629,1.0
2018-11-30,0.0,1.0
2018-12-03,0.0,1.0
2018-12-04,0.0,1.0
2018-12-05,0.0,1.0
2018-12-06,0.0,0.9620207282410121
2018-12-07,0.0,1.0
2018-12-10,-0.0379792717589879,1.0
2018-12-11,0.0,1.0
2018-12-12,0.0,1.0
2018-12-13,0.0,1.0
2018-12-14,0.0,1.0160003413464411
2018-12-17,0.0,1.0
2018-12-18,0.01600034134644112,1.0465200156348928
2018-12-19,0.0,1.0
2018-12-20,0.04652001563489291,1.0
2018-12-21,0.0,0.9692283413332463
2018-12-24,0.0,0.9714719286513696
2018-12-26,-0.03077165866675366,1.0
2018-12-27,-0.028528071348630453,0.9706341181926234
2018-12-28,0.0,1.0
2018-12-31,-0.02936588180737665,1.048474755307006
2019-01-01,0.0,1.0462331939518212
2019-01-02,0.04847475530700593,1.0
2019-01-03,0.04623319395182134,1.0
2019-01-04,0.0,0.9631860038971799
2019-01-07,0.0,1.0
2019-01-08,-0.03681399610282008,0.9585267766448726
2019-01-09,0.0,1.0
2019-01-10,-0.0414732233551274,1.0414732233551274
2019-01-11,0.0,1.0487901187563682
2019-01-14,0.04147322335512732,0.9574404546880393
2019-01-15,0.04879011875636829,1.0
2019-01-16,-0.04255954531196069,1.0484943036726655
2019-01-17,0.0,0.9546064266913944
2019-01-18,0.04849430367266559,1.0483478527893866
2019-01-21,-0.04539357330860563,1.0029454652185805
2019-01-22,0.048347852789386685,1.0487901855402848
2019-01-23,0.0029454652185805933,0.959994621772315
2019-01-24,0.048790185540284844,0.9674045669737854
2019-01-25,-0.040005378227685,0.9939576625639337
2019-01-28,-0.032595433026214614,1.0
2019-01-29,-0.00604233743606632,0.9692283413332463
2019-01-30,0.0,1.0
2019-01-31,-0.03077165866675366,1.0
2019-02-01,0.0,1.0
2019-02-04,0.0,1.0487901187563682
2019-02-05,0.0,1.0
2019-02-06,0.04879011875636829,0.9512098812436317
2019-02-07,0.0,1.0
2019-02-08,-0.04879011875636827,1.0
2019-02-11,0.0,0.9519907808136394
2019-02-12,0.0,0.9901152660303535
2019-02-14,-0.048009219186360606,1.0
2019-02-15,-0.00988473396964647,0.9525334110072272
2019-02-18,0.0,1.0
2019-02-19,-0.04746658899277274,1.0408220210112087
2019-02-20,0.0,1.0
2019-02-21,0.04082202101120871,1.0
2019-02-22,0.0,1.0
2019-02-25,0.0,1.048790164169432
2019-02-26,0.0,1.0031695868331059
2019-02-27,0.04879016416943204,1.0463761036192623
2019-02-28,0.003169586833105922,0.9693227463168451
2019-03-01,0.0463761036192623,1.0
2019-03-05,-0.030677253683154892,1.0
2019-03-06,0.0,1.0486418773966681
2019-03-07,0.0,1.0463850823287664
2019-03-08,0.04864187739666816,0.9770763817110789
2019-03-11,0.046385082328766404,0.9854012005788474
2019-03-12,-0.02292361828892106,1.037522417710074
2019-03-13,-0.014598799421152636,1.0
2019-03-14,0.03752241771007388,0.9173571470094566
2019-03-15,0.0,1.0
2019-03-18,-0.08264285299054343,1.0
2019-03-19,0.0,1.0152674721307884
2019-03-20,0.0,1.047346076496651
2019-03-22,0.01526747213078838,0.9706723835929636
2019-03-25,0.04734607649665094,0.9605411850520993
2019-03-26,-0.02932761640703639,0.9937887759926066
2019-03-27,-0.039458814947900746,1.0486418773966681
2019-03-28,-0.006211224007393402,1.0088626646186927
2019-04-01,0.04864187739666816,1.0487901855402848
2019-04-02,0.008862664618692763,0.9512098144597152
2019-04-03,0.048790185540284844,1.0487901855402848
2019-04-04,-0.048790185540284844,1.0465200350629404
2019-04-05,0.048790185540284844,1.0470060210397711
2019-04-08,0.046520035062940494,1.0
2019-04-09,0.04700602103977112,0.9897434607066817
2019-04-10,0.0,1.0478078842281506
2019-04-11,-0.010256539293318228,0.9521921157718494
2019-04-12,0.047807884228150584,1.0
2019-04-15,-0.04780788422815059,1.0
2019-04-16,0.0,1.0
2019-04-18,0.0,1.0
2019-04-22,0.0,1.0
2019-04-23,0.0,0.9497913654323729
2019-04-24,0.0,0.9499894946012731
2019-04-25,-0.050208634567627086,1.0
2019-04-26,-0.05001050539872688,1.0
2019-04-30,0.0,1.0
2019-05-02,0.0,1.0
2019-05-03,0.0,1.0
2019-05-06,0.0,1.0
2019-05-07,0.0,1.0
2019-05-08,0.0,1.0
2019-05-09,0.0,1.0
2019-05-10,0.0,1.0
2019-05-13,0.0,1.0
2019-05-14,0.0,1.0
2019-05-15,0.0,1.0
2019-05-16,0.0,1.0
2019-05-17,0.0,1.0
2019-05-20,0.0,0.9503548586681652
2019-05-21,0.0,1.0
2019-05-22,-0.04964514133183482,1.0
2019-05-23,0.0,1.0
2019-05-24,0.0,1.0178045789485104
2019-05-27,0.0,1.0
2019-05-28,0.01780457894851043,1.0
2019-05-29,0.0,1.0487901855402848
2019-05-30,0.0,1.0465200350629404
2019-05-31,0.048790185540284844,1.0470060210397711
2019-06-03,0.046520035062940494,0.950316539936471
2019-06-04,0.04700602103977112,1.0471291217706546
2019-06-06,-0.04968346006352899,0.9501863538219424
2019-06-07,0.04712912177065454,1.044685508061853
2019-06-10,-0.049813646178057634,0.9818412457346876
2019-06-11,0.044685508061852834,1.04604391852917
2019-06-12,-0.018158754265312407,1.0
2019-06-13,0.04604391852916992,1.0
2019-06-14,0.0,1.0
2019-06-17,0.0,1.0
2019-06-18,0.0,1.048790164169432
2019-06-19,0.0,1.0
2019-06-20,0.04879016416943204,1.0487901295690027
2019-06-21,0.0,1.0
2019-06-24,0.04879012956900268,0.948826115492878
2019-06-25,0.0,1.0
2019-06-26,-0.051173884507121986,0.9510904987931471
2019-06-27,0.0,1.0
2019-06-28,-0.04890950120685292,1.0
2019-07-01,0.0,1.0
2019-07-02,0.0,0.9512097975879896
2019-07-03,0.0,1.0
2019-07-04,-0.048790202412010396,1.046280733394673
2019-07-05,0.0,1.0
2019-07-08,0.04628073339467303,1.0
2019-07-09,0.0,1.0
2019-07-10,0.0,1.0
2019-07-11,0.0,1.0
2019-07-12,0.0,1.0466342539796067
2019-07-15,0.0,1.0
2019-07-16,0.04663425397960685,1.0
2019-07-17,0.0,1.0468469724594474
2019-07-18,0.0,1.0
2019-07-19,0.04684697245944726,1.0
2019-07-22,0.0,0.9507520110273224
2019-07-23,0.0,0.9507289491407029
2019-07-24,-0.049247988972677535,1.0468643475085142
2019-07-25,-0.049271050859297026,1.0
2019-07-26,0.04686434750851414,1.0
2019-07-29,0.0,1.0
2019-07-30,0.0,1.0
2019-07-31,0.0,1.0
2019-08-01,0.0,1.0
2019-08-02,0.0,1.0119761910467155
2019-08-05,0.0,1.0
2019-08-06,0.01197619104671562,1.0
2019-08-07,0.0,0.9487067438550278
2019-08-08,0.0,1.0
2019-08-09,-0.05129325614497215,1.0
2019-08-13,0.0,0.9512097975879896
2019-08-14,0.0,1.0
2019-08-16,-0.048790202412010396,1.0
2019-08-19,0.0,1.0
2019-08-20,0.0,1.0
2019-08-21,0.0,1.0
2019-08-22,0.0,0.9487066633443348
2019-08-23,0.0,0.9488525088580406
2019-08-26,-0.05129333665566516,1.0
2019-08-27,-0.051147491141959364,0.9552831602009874
2019-08-28,0.0,0.9499896271388754
2019-08-29,-0.044716839799012684,1.0
2019-08-30,-0.050010372861124655,0.9507289522282267
2019-09-03,0.0,1.0298529499278155
2019-09-04,-0.0492710477717733,0.9531687139776331
2019-09-05,0.02985294992781542,1.0
2019-09-06,-0.04683128602236687,1.0
2019-09-09,0.0,0.9580357747729047
2019-09-11,0.0,0.9636323558291252
2019-09-12,-0.04196422522709528,0.9775271296983303
2019-09-13,-0.03636764417087483,0.961385163303338
2019-09-16,-0.02247287030166967,1.0
2019-09-17,-0.03861483669666197,0.9516035056830664
2019-09-18,0.0,1.0
2019-09-19,-0.048396494316933554,1.0483964943169335
2019-09-20,0.0,1.0
2019-09-23,0.048396494316933575,1.046162071122623
2019-09-24,0.0,1.0
2019-09-25,0.04616207112262304,1.0
2019-09-26,0.0,1.047715445025949
2019-09-27,0.0,1.0455420602477294
2019-09-30,0.047715445025948995,1.0468312860223667
2019-10-01,0.045542060247729506,0.963390241921108
2019-10-03,0.04683128602236678,0.9492418314713758
2019-10-04,-0.03660975807889197,1.0487222171840693
2019-10-07,-0.0507581685286242,1.0
2019-10-09,0.0487222171840693,1.0
2019-10-10,0.0,1.0
2019-10-11,0.0,1.0
2019-10-14,0.0,1.0
2019-10-15,0.0,1.0
2019-10-16,0.0,1.0
2019-10-17,0.0,0.9498501981739846
2019-10-18,0.0,0.9487067199534167
2019-10-22,-0.05014980182601532,0.9498931354491439
2019-10-23,-0.051293280046583324,1.0
2019-10-24,-0.05010686455085611,1.046340367414412
2019-10-25,0.0,1.0486104425334661
2019-10-29,0.046340367414412,1.0449830117607295
2019-10-30,0.048610442533466094,1.0482991424820884
2019-10-31,0.044983011760729594,1.0
2019-11-01,0.048299142482088366,1.0473233920962877
2019-11-04,0.0,1.0481652996913466
2019-11-05,0.04732339209628757,1.0
2019-11-06,0.048165299691346745,1.048223107811053
2019-11-07,0.0,0.9493931599031684
2019-11-08,0.04822310781105308,1.0
2019-11-11,-0.05060684009683159,0.9492090343688854
2019-11-13,0.0,0.9517746489920336
2019-11-14,-0.050790965631114675,1.0425596039480636
2019-11-15,-0.04822535100796646,1.0
2019-11-18,0.04255960394806362,1.008173582928219
2019-11-19,0.0,1.0368818340735315
2019-11-20,0.008173582928218999,1.0108044452499716
2019-11-21,0.03688183407353149,1.0
2019-11-22,0.010804445249971508,1.0466556481684648
2019-11-25,0.0,0.9533443518315351
2019-11-26,0.04665564816846483,1.0
2019-11-27,-0.046655648168464875,1.0477946265587907
2019-11-28,0.0,1.0461577590530229
2019-11-29,0.047794626558790854,0.9890709921196096
2019-12-02,0.04615775905302299,1.0
2019-12-03,-0.01092900788039039,1.0456454255208951
2019-12-04,0.0,1.0486652120305968
2019-12-05,0.04564542552089514,0.9487067056124494
2019-12-06,0.04866521203059689,0.9487066633443348
2019-12-09,-0.05129329438755058,1.0486583292783165
2019-12-10,-0.05129333665566516,1.046400054561726
2019-12-11,0.04865832927831644,1.0467489236766727
2019-12-12,0.04640005456172592,1.0
2019-12-13,0.04674892367667262,1.0
2019-12-16,0.0,1.009569487695933
2019-12-17,0.0,0.9952267029952021
2019-12-18,0.009569487695932868,0.9509705718424885
2019-12-19,-0.004773297004797881,0.9510842592279781
2019-12-20,-0.04902942815751156,0.9759667602951874
2019-12-23,-0.04891574077202187,1.0
2019-12-24,-0.024033239704812616,0.950128191634243
2019-12-26,0.0,0.9504993345525533
2019-12-27,-0.04987180836575699,0.9510605590014792
2019-12-30,-0.04950066544744674,1.0
2019-12-31,-0.04893944099852072,1.0
2020-01-01,0.0,0.9518365980313295
2020-01-02,0.0,1.0
2020-01-03,-0.04816340196867051,0.9528532341226446
2020-01-06,0.0,0.9505199565579971
2020-01-07,-0.04714676587735548,1.0460257953742707
2020-01-08,-0.04948004344200282,0.9503444227537838
2020-01-09,0.04602579537427055,0.9515734352143516
2020-01-10,-0.04965557724621611,0.9923370981346049
2020-01-13,-0.04842656478564841,1.0
2020-01-14,-0.007662901865395114,1.0487901362229315
2020-01-15,0.0,0.9512098637770685
2020-01-16,0.04879013622293151,0.9567712501291104
2020-01-17,-0.048790136222931504,1.0
2020-01-20,-0.04322874987088966,1.0470675407937537
2020-01-21,0.0,1.0486076705274254
2020-01-22,0.04706754079375371,1.0463541498770599
2020-01-23,0.04860767052742547,1.0443002323133241
2020-01-24,0.046354149877059804,1.0
2020-01-27,0.04430023231332419,1.006644567981564
2020-01-28,0.0,1.0
2020-01-29,0.006644567981564161,1.0
2020-01-30,0.0,0.9490551997051119
2020-01-31,0.0,0.9499895248955822
2020-02-03,-0.05094480029488813,0.9512098637770685
2020-02-04,-0.050010475104417765,1.0
2020-02-05,-0.048790136222931504,0.8989038831286312
2020-02-06,0.0,0.9653645369469107
2020-02-07,-0.10109611687136875,0.9503283742537307
2020-02-10,-0.03463546305308928,0.9525977619627285
2020-02-11,-0.04967162574626927,1.0474022380372716
2020-02-12,-0.047402238037271546,1.045256590806677
2020-02-13,0.04740223803727163,0.9911110186736638
2020-02-14,0.045256590806677065,1.0
2020-02-17,-0.008888981326336184,1.0479394793190178
2020-02-18,0.0,0.9653645369469107
2020-02-19,0.04793947931901776,1.0
2020-02-20,-0.03463546305308928,1.0
2020-02-24,0.0,1.0
2020-02-25,0.0,1.047320590524125
2020-02-26,0.0,1.0
2020-02-27,0.04732059052412491,1.0483899377510755
2020-02-28,0.0,1.0484469657754758
2020-03-02,0.04838993775107553,1.0476635525248255
2020-03-03,0.04844696577547584,1.0
2020-03-04,0.047663552524825424,1.0
2020-03-05,0.0,1.0
2020-03-06,0.0,1.0482705698219017
2020-03-09,0.0,1.0075940755473032
2020-03-11,0.04827056982190162,0.9549853432109954
2020-03-12,0.00759407554730323,1.0
2020-03-13,-0.04501465678900465,1.0
2020-03-16,0.0,1.0
2020-03-17,0.0,1.0
2020-03-18,0.0,1.0
2020-03-19,0.0,1.0
2020-03-20,0.0,1.0
2020-03-23,0.0,1.0
2020-03-24,0.0,1.0
2020-03-25,0.0,1.0
2020-03-26,0.0,1.0
2020-03-27,0.0,1.0
2020-03-30,0.0,1.0
2020-03-31,0.0,1.0
2020-04-01,0.0,1.0
2020-04-03,0.0,1.0
2020-04-07,0.0,1.0
2020-04-08,0.0,1.0
2020-04-09,0.0,1.0
2020-04-13,0.0,1.0
2020-04-15,0.0,1.0
2020-04-16,0.0,1.0
2020-04-17,0.0,1.0
2020-04-20,0.0,1.0
2020-04-21,0.0,1.0
2020-04-22,0.0,1.0
2020-04-23,0.0,1.0
2020-04-24,0.0,1.0
2020-04-27,0.0,1.0
2020-04-28,0.0,1.0457021940336464
2020-04-29,0.0,1.0482991424820884
2020-04-30,0.045702194033646296,1.048571860247974
2020-05-04,0.048299142482088366,1.048700994213014
2020-05-05,0.04857186024797407,1.0487052869798121
2020-05-06,0.04870099421301412,1.0486014572753162
2020-05-07,0.04870528697981209,1.0
2020-05-08,0.04860145727531627,1.0
2020-05-11,0.0,1.0484050361926287
2020-05-12,0.0,0.9963982622886336
2020-05-13,0.04840503619262881,0.992238014327899
2020-05-14,-0.0036017377113663606,0.9816508411482199
2020-05-15,-0.0077619856721010076,0.9512098560141516
2020-05-18,-0.01834915885178012,1.0
2020-05-19,-0.048790143985848376,1.0
2020-05-20,0.0,1.0110498781063344
2020-05-21,0.0,0.9928314517131056
2020-05-22,0.011049878106334366,1.0
2020-05-26,-0.007168548286894425,1.0
2020-05-27,0.0,0.9506563404607469
2020-05-28,0.0,1.0
2020-05-29,-0.04934365953925317,1.0
2020-06-01,0.0,0.9584509527301837
2020-06-02,0.0,1.0
2020-06-03,-0.0415490472698164,1.047346076496651
2020-06-04,0.0,
2020-06-05,0.04734607649665094,
